Size;Instance_Name;#Node;#Truck;Capacity;Optimal_Cost;Cost_NoOpt;Apx_NoOpt;Execution_time_NoOpt;Cost_2Opt;Apx_2Opt;Execution_time_2Opt;Cost_3Opt;Apx_3Opt;Execution_time_3Opt;Cost_3Opt_Timeout;Apx_3Opt_Timeout;Execution_time_3Opt_Timeout
small;A-n32-k5.vrp;32;5;100;787.8082774366646;1559.125152837149;1.9790667317055373;0.0031991459999858307;914.6650305494419;1.1610249051019597;0.0010358339999925192;885.0418306160853;1.1234228631054688;0.004116418999984717;;;
small;A-n33-k5.vrp;33;5;100;662.7628798187153;942.076965984789;1.421438940941403;0.00034040500000287466;806.5812797180439;1.2169982723514434;0.0006922130000077686;798.7116975969584;1.205124369390496;0.0030763960000115276;;;
small;A-n33-k6.vrp;33;6;100;742.830104787331;1050.3116319385529;1.4139325064635775;0.0003137260000016795;893.1537890108273;1.2023661712882965;0.0005204720000051566;875.319778439195;1.178357975529001;0.0020915819999913765;;;
small;A-n34-k5.vrp;34;5;100;781.3034826995502;1036.4696846075794;1.3265903807652082;0.0003344840000067961;913.617661425618;1.1693505553935297;0.0006288840000081564;868.7496584419196;1.1119234429113594;0.002988855000012336;;;
small;A-n36-k5.vrp;36;5;100;802.1318035237848;1188.281185043952;1.481403903727297;0.0003371100000038041;961.299804318496;1.1984312304978835;0.0007768410000039694;943.4352846905521;1.1761599285130169;0.004967501999999513;;;
small;A-n37-k5.vrp;37;5;100;672.593526946931;1055.8665619951767;1.5698434785538558;0.00043264799998610215;854.8534635897364;1.2709808068925796;0.001224226999994471;839.6461123034506;1.2483707895834395;0.007041103000005933;;;
small;A-n37-k6.vrp;37;6;100;952.2175276972253;1476.5709559086126;1.550665591589609;0.0003327109999986533;1146.9924327193967;1.204548750003795;0.00061519900000917;1137.0932136375932;1.1941527860629262;0.0035470649999922443;;;
small;A-n38-k5.vrp;38;5;100;734.1846511333271;1154.7859502581546;1.5728821740900802;0.00033372400000075686;891.5621031669514;1.2143567722243824;0.0008104239999795482;878.7654334461328;1.1969270020690612;0.004772745000025225;;;
small;A-n39-k5.vrp;39;5;100;828.989115424054;1488.8953664088112;1.7960372925369406;0.00033951500000739543;1037.7018387521975;1.251767748749488;0.0008850730000062867;1014.9654208067323;1.224341070253432;0.005305649999996831;;;
small;A-n39-k6.vrp;39;6;100;833.2046053523984;1257.1133277776046;1.5087690582866098;0.0003354670000135229;1027.6627512764096;1.2333858270523679;0.0008172570000226642;989.1805362297355;1.1872000345117728;0.005184152999987646;;;
small;A-n44-k6.vrp;44;6;100;939.3346964376051;1684.6679726010532;1.7934693341895058;0.00037543100000902996;1210.8071949386222;1.2890050793722059;0.0008231569999850308;1164.8582750697713;1.2400886281401684;0.004807540000001609;;;
small;A-n45-k6.vrp;45;6;100;944.8763669421223;1422.216410970969;1.5051878327464674;0.00039965700000266224;1117.663057048291;1.1828669825506943;0.0007591579999939313;1116.0887733978198;1.1812008559487919;0.00402150200000051;;;
small;A-n45-k7.vrp;45;7;100;1147.22098351604;1798.9901916166073;1.5681287367173184;0.0003598320000151034;1372.5545760701627;1.196416902926159;0.0008782510000173716;1345.909820347829;1.1731914249187119;0.0043205199999931665;;;
small;A-n46-k7.vrp;46;7;100;918.461372792691;1356.5128459805178;1.4769405509737217;0.0003710430000012366;1084.6834775798247;1.180978873702348;0.000949964999989561;1029.451528384232;1.120843574786452;0.008270558999981859;;;
small;A-n48-k7.vrp;48;7;100;1074.337824689917;1684.073641040533;1.5675457033513664;0.0003716839999867716;1176.5835971527617;1.0951709696085175;0.0009896480000008978;1153.363772497331;1.0735578195156845;0.005231050999981335;;;
small;B-n31-k5.vrp;31;5;100;676.7582609500149;943.1394631292221;1.393613521326313;0.00032950599998571306;838.6886796797105;1.2392736492087766;0.0006734180000194101;803.6165443363584;1.1874499222340682;0.0036274659999833148;;;
small;B-n34-k5.vrp;34;5;100;791.2402758558225;1040.7775438645122;1.3153748306591002;0.0003237549999823841;1004.6947493945712;1.2697720023261856;0.0007237519999989672;994.6506311301745;1.257077857992427;0.004837776000016447;;;
small;B-n35-k5.vrp;35;5;100;956.29409898826;1039.3843015302375;1.086887708111851;0.0003201880000176516;1004.4484082530803;1.0503551253905745;0.0007337510000127168;1004.0186316482343;1.0499057065294723;0.004329716999990296;;;
small;B-n38-k6.vrp;38;6;100;809.452489572368;991.3337419395262;1.2246966371840375;0.00032718100001716266;938.1008621723263;1.1589325800553445;0.0006524879999858513;918.4446934035301;1.1346492910148964;0.003090229999997973;;;
small;B-n39-k5.vrp;39;5;100;553.2673599367333;813.8933747494733;1.471067035009155;0.0003374310000197056;617.9522222456452;1.1169142931480878;0.0009507259999850248;613.4472226531526;1.1087717567927753;0.00711193399999388;;;
small;B-n41-k6.vrp;41;6;100;834.9577391350781;909.9497881920046;1.0898153829134032;0.00033942400000341877;886.0335371544995;1.06117171639409;0.0008088820000011765;884.3341399985787;1.059136407208644;0.004067518999988806;;;
small;B-n43-k6.vrp;43;6;100;747.5357650288681;871.0981675171854;1.1652929642550889;0.00035148599999956787;830.613271469823;1.111135159449858;0.0008937290000119447;817.3484032816764;1.0933903654096233;0.005371373000002677;;;
small;B-n44-k7.vrp;44;7;100;915.8400817074579;1298.1066425072465;1.4173944430201233;0.0003556239999795707;1221.5574094215776;1.3338108189632318;0.0006541620000177772;1215.7821258078895;1.3275048232669955;0.0031632879999961006;;;
small;B-n45-k5.vrp;45;5;100;755.4335679475657;1140.2537531715966;1.5094030786446877;0.0003591309999819714;916.2359586775484;1.2128610609227573;0.0011732019999897147;901.6287329069982;1.1935248460782983;0.009177622999999357;;;
small;B-n45-k6.vrp;45;6;100;680.4379297045854;986.5391832036198;1.4498591864682344;0.0011159750000047097;870.7407475616016;1.2796769691243357;0.001072518000000855;861.4792549228983;1.2660658927360395;0.005584630999976525;;;
small;B-n50-k7.vrp;50;7;100;744.7824415526958;1004.5415535415909;1.3487717989797916;0.00040043799998557006;797.54817436911;1.0708471761316098;0.0010930640000026415;789.3922828670114;1.0598964728831612;0.009115787000013142;;;
small;B-n50-k8.vrp;50;8;100;1322.5618541413928;1794.9668848566243;1.3571893664073027;0.0003926730000216594;1578.830663163912;1.1937669744670574;0.0010169900000107646;1517.3954462880301;1.1473152968509917;0.007000653999995166;;;
small;E-n22-k4.vrp;22;4;6000;375.2797871480125;454.32309771181497;1.2106250143779456;0.0002782100000047194;441.7964489067805;1.177245521972473;0.0004160580000132086;398.30461542985955;1.0613537660976289;0.0011558490000140864;;;
small;E-n23-k3.vrp;23;3;4500;568.5625010705219;780.3755224117283;1.372541314178112;0.0002717780000125458;750.5727799090989;1.3201236073358298;0.0005339779999928851;743.4226658793349;1.307547832436322;0.007218303000001924;;;
small;E-n30-k3.vrp;30;3;4500;535.7967571874207;900.6176579964331;1.6808941933954236;0.0003238150000015594;583.2850389399086;1.0886311481274544;0.0009747910000044158;556.2923988113433;1.0382526421613882;0.013451444999986961;;;
small;E-n33-k4.vrp;33;4;8000;838.7210087828687;1267.4348531608118;1.5111519085471368;0.0003241759999923488;947.8427211146186;1.1301048992323497;0.0013220399999909205;929.7806887683421;1.1085696900780118;0.011785293999992064;;;
small;F-n45-k4.vrp;45;4;2010;724.5691570372719;1184.177183628191;1.6343190599917805;0.0005119360000094275;917.7992691860225;1.2666827731653099;0.00293383999999719;897.955712207112;1.2392960747581492;0.021085145999990118;;;
small;P-n16-k8.vrp;16;8;35;451.94709212981854;596.6741051276423;1.3202299904526258;0.00032544800001232943;596.6741051276423;1.3202299904526258;0.00028807799998276096;596.6741051276423;1.3202299904526258;0.00029486000002520996;;;
small;P-n19-k2.vrp;19;2;160;212.6569041858923;315.6879532463978;1.484494258274548;0.00030334599998127487;249.6088341771041;1.173763133309373;0.0006817230000137897;235.6198996063908;1.1079814243906494;0.004395337000005384;;;
small;P-n20-k2.vrp;20;2;160;217.41558334616656;329.96907227061996;1.517688231874562;0.000293197999980066;250.49866574074304;1.1521651846910255;0.0007474260000037702;238.9953753896625;1.0992559581579617;0.005670624999993379;;;
small;P-n21-k2.vrp;21;2;160;212.71153970290385;387.2677675829533;1.8206241566576675;0.000269342999985156;254.8601953993836;1.1981493611270417;0.0007966679999924509;239.37333359902524;1.1253424893325494;0.008082996000013054;;;
small;P-n22-k2.vrp;22;2;160;217.8521507402297;388.06289931284954;1.7813131428552285;0.00029993000001127257;254.86030078060892;1.169877368273074;0.0009339339999883123;239.57911333789758;1.0997326054566956;0.010395490000007612;;;
small;P-n22-k8.vrp;22;8;3000;601.4237061659817;708.7198844123649;1.17840363980726;0.0003436819999933505;689.8491454966089;1.1470268604713487;0.0003147380000143585;689.8491454966089;1.1470268604713487;0.0004384989999834943;;;
small;P-n23-k8.vrp;23;8;40;531.1738035458812;747.3384397239523;1.4069565078982653;0.00028290800000263516;690.0785546415675;1.2991577333725957;0.0002857329999983449;690.0785546415675;1.2991577333725957;0.0003211800000144649;;;
small;P-n40-k5.vrp;40;5;140;461.7261717631887;674.6825660864424;1.4612179411663833;0.00033702899997933855;560.167543811472;1.2132029286370454;0.0011264549999907558;513.0217458118971;1.111095227400315;0.006882442999994964;;;
small;P-n45-k5.vrp;45;5;150;512.7913045095214;812.0799218091433;1.5836460459989425;0.0004085329999838905;573.0286913725122;1.1174695950053348;0.0014403200000003835;531.3140025586416;1.0361213185290592;0.012424988000020676;;;
small;P-n50-k10.vrp;50;10;100;699.5615304783074;1015.5530949551203;1.4516994584604468;0.00042976299999963885;806.3231728794292;1.1526122260155247;0.0006138360000136345;800.3916901281899;1.1441333681984234;0.0015956499999845164;;;
small;P-n50-k7.vrp;50;7;150;559.8625135512013;798.2818333237883;1.4258533372064794;0.0003824350000058985;635.9679815218628;1.1359359952284096;0.0009943169999928614;601.3762137311994;1.0741498120970399;0.006379656000007117;;;
small;P-n50-k8.vrp;50;8;120;634.8499103018386;915.8510836797528;1.4426261527615443;0.0004181410000114738;697.3865487790029;1.0985061783302943;0.000736074000002418;695.0054567329776;1.0947555405694838;0.002676167999993595;;;
mid_small;A-n53-k7.vrp;53;7;100;1013.3082739074634;1605.4131305431679;1.5843284535242788;0.0004052769999987049;1201.6318690081725;1.1858502490801797;0.0011013869999771941;1176.363444523984;1.1609136871919108;0.006194901000014852;;;
mid_small;A-n54-k7.vrp;54;7;100;1171.784337211776;2054.8308260534664;1.7535913058394959;0.00040743099998508114;1373.5267062596238;1.172166808039001;0.001252980000003845;1365.7910992261575;1.165565245970103;0.007738904999996521;;;
mid_small;A-n55-k9.vrp;55;9;100;1074.4636399998485;1665.5451838054023;1.5501177720687107;0.0005402410000101554;1215.7325949996361;1.1314785812573496;0.0009393349999982092;1203.604478298939;1.1201909804031236;0.004121729000019059;;;
mid_small;A-n60-k9.vrp;60;9;100;1355.799248189919;2162.6897643991083;1.5951401118465298;0.0004901450000147634;1694.9499407898318;1.250148163935554;0.0010558120000041527;1680.918890956902;1.2397992499265944;0.006026998000010053;;;
mid_small;A-n61-k9.vrp;61;9;100;1039.0784353929382;1431.4275666677786;1.3775933730416314;0.00044899900001382775;1254.293685282793;1.207121274544081;0.001019734999999855;1229.9491017664682;1.1836922602491988;0.006461298999994369;;;
mid_small;A-n62-k8.vrp;62;8;100;1294.2821609711052;2578.352694277719;1.9921101997907245;0.00044636399999831156;1651.4203672062822;1.275935353978158;0.0015339349999976548;1624.0611440648331;1.2547968233188762;0.010028129000005492;;;
mid_small;A-n63-k10.vrp;63;10;100;1313.7294196277296;2020.024660656274;1.5376261127110076;0.0006222519999994347;1557.845514119865;1.1858191579216595;0.001175135000011096;1552.7209567147922;1.18191838708673;0.0062802310000051875;;;
mid_small;A-n63-k9.vrp;63;9;100;1622.14461148721;2724.4829211250185;1.6795561270133406;0.0006115919999842845;1841.279238453199;1.1350894522067811;0.0013027929999793741;1827.5443588972137;1.126622340545637;0.007248478999997587;;;
mid_small;A-n64-k9.vrp;64;9;100;1400.8320811963101;2156.6705092975076;1.5395639050868335;0.0005529829999773028;1632.3702620953397;1.1652861781272856;0.0014249419999998736;1599.792151560031;1.142029921383446;0.009920421000003898;;;
mid_small;A-n65-k9.vrp;65;9;100;1181.687448797443;1763.6409929209603;1.4924767075386547;0.0006120839999823602;1401.2072668134683;1.18576808803328;0.0013544589999980872;1373.0046623858775;1.1619017057201806;0.007579869000011286;;;
mid_small;A-n69-k9.vrp;69;9;100;1165.9945611875808;1728.7019335126136;1.4825986252902483;0.0006164220000073328;1288.91489851792;1.1054210211796727;0.0015944289999936245;1258.3408149046907;1.079199557863335;0.011885822000010648;;;
mid_small;A-n80-k10.vrp;80;10;100;1766.4999433704204;3210.0205873733466;1.8171642741458225;0.000718030999991015;2181.2035636146165;1.2347600529513496;0.0019137749999913467;2142.091395155255;1.212619000184183;0.01223084500000482;;;
mid_small;B-n51-k7.vrp;51;7;100;1035.7099814133153;1330.7493545762447;1.2848667855458173;0.0005270449999841276;1292.2081118120664;1.2476543965027134;0.0010151759999814658;1275.5375422395962;1.231558607264763;0.005231301000009125;;;
mid_small;B-n52-k7.vrp;52;7;100;750.0765897402907;990.8514511886365;1.3210003681513545;0.0004693870000096467;937.4344225791841;1.2497849358340392;0.001146922999993194;926.1067816799949;1.2346829568439852;0.0072657909999804815;;;
mid_small;B-n56-k7.vrp;56;7;100;712.9160674221106;1050.2675210299979;1.4731993975500413;0.0005548270000019784;840.3455840262828;1.17874406599497;0.00147250999998505;837.6790316571416;1.1750037205447919;0.008914390999990474;;;
mid_small;B-n57-k7.vrp;57;7;100;1160.98588257624;1587.7580804561758;1.3675946488969561;0.00047079899999857844;1459.7408603437182;1.2573286912882502;0.0013553219999948851;1449.553312343391;1.2485537801086923;0.009383087000003343;;;
mid_small;B-n57-k9.vrp;57;9;100;1603.630575253598;2123.2354386933616;1.324017807753256;0.00047857399999884365;1870.4322512515212;1.1663735277407836;0.0009621869999989485;1861.3961736436659;1.1607387651294345;0.004745473999975047;;;
mid_small;B-n63-k10.vrp;63;10;100;1501.2706799308946;1924.9316910591303;1.282201615465998;0.000512847000010197;1774.8752597606951;1.1822486667376964;0.001095907000006946;1734.3589833178096;1.1552606778396846;0.005434191000006194;;;
mid_small;B-n64-k9.vrp;64;9;100;869.3156645744783;1188.0695646692218;1.36667221480562;0.0007222490000060588;1030.2160423507148;1.1850885522176753;0.0021395470000129535;1027.4558221364655;1.1819133877443646;0.007304794999981823;;;
mid_small;B-n66-k9.vrp;66;9;100;1325.355013237209;1691.711531873888;1.2764214229226363;0.00048384400000145433;1514.9947193277594;1.1430859688132549;0.0015432820000000902;1503.1210797538834;1.134127131780697;0.00977526899998793;;;
mid_small;B-n67-k10.vrp;67;10;100;1039.3588576261575;1409.5816228291337;1.3562030212053477;0.0004801069999871288;1288.2772463835342;1.2394922474860066;0.0010147749999873668;1280.23092804779;1.2317506303566528;0.0065818059999855905;;;
mid_small;B-n68-k9.vrp;68;9;100;1278.2107324742128;1809.774976230708;1.4158658899128116;0.0005128370000022642;1395.312173041506;1.0916135638609619;0.0016199959999880775;1391.6622613349411;1.088758078756796;0.009862201000004234;;;
mid_small;B-n78-k10.vrp;78;10;100;1229.2734318106839;1713.6234367987606;1.3940132377827799;0.000542233000004444;1500.1446544690068;1.2203506686541965;0.0016133640000077776;1483.1793319780083;1.2065495711506011;0.014646386999999095;;;
mid_small;CMT1.vrp;51;None;160;524.6111466425073;942.4317580087217;1.7964386842335538;0.0003709130000117966;631.818930068909;1.2043566632400546;0.0016103849999922204;597.5500838986912;1.1390342880112072;0.016238022999999657;;;
mid_small;CMT2.vrp;76;None;140;835.2621066076043;1401.345970469955;1.6777320069762125;0.0005522310000003472;962.3156982807558;1.152112241975368;0.001477930000021388;924.2652824260512;1.1065571814097146;0.009090920999994978;;;
mid_small;CMT6.vrp;51;None;160;555.4302364990572;942.4317580087217;1.6967599098475104;0.0004182209999896713;631.818930068909;1.137530671810989;0.0016480879999960507;597.5500838986912;1.075832831257298;0.015915146999986973;;;
mid_small;CMT7.vrp;76;None;140;909.675053283213;1401.345970469955;1.5404907119440026;0.0005440260000000308;962.3156982807558;1.0578675262199964;0.0015279540000108227;924.2652824260512;1.0160389460941892;0.00902284400001463;;;
mid_small;E-n51-k5.vrp;51;5;160;524.9442369496244;942.4317580087217;1.7952987987544302;0.00040216100001089217;631.818930068909;1.203592468678803;0.0015990759999908732;597.5500838986912;1.1383115421382068;0.016165424999996958;;;
mid_small;E-n76-k10.vrp;76;10;140;837.3556148786039;1401.345970469955;1.6735374380610275;0.0005314029999965442;962.3156982807558;1.1492317973174015;0.0014497879999737506;924.2652824260512;1.1037906308898962;0.00904729900000234;;;
mid_small;E-n76-k14.vrp;76;14;100;1026.7063423619143;1525.6777914469988;1.4859923704544498;0.0005274149999934252;1172.0622260036432;1.1415749349588522;0.0009703019999847129;1152.864938687941;1.122877001067123;0.0033477530000141087;;;
mid_small;E-n76-k7.vrp;76;7;220;687.6027698154307;1211.2311817506502;1.761527490757162;0.0005132189999983439;745.1948670447867;1.0837578028442427;0.003505807999999888;725.433431755774;1.0550181930629772;0.0316669089999948;;;
mid_small;E-n76-k8.vrp;76;8;180;740.6554097159442;1285.3620820903334;1.7354387279548729;0.0006312090000051285;861.8700036459117;1.1636585547609186;0.0025510939999833226;799.8484253460681;1.079919777609976;0.025893977000009727;;;
mid_small;F-n72-k4.vrp;72;4;30000;248.8087975379043;426.79439096826576;1.7153508846617314;0.0005250809999779449;289.71201234826316;1.1643961757587271;0.009569835000007743;280.5998137213475;1.127772878202187;0.3578829270000199;;;
mid_small;P-n51-k10.vrp;51;10;80;742.4815823234725;1087.7582257580011;1.4650305834577646;0.0005052139999861538;828.6696254573571;1.1160810519557582;0.0007385590000126285;814.4338396379902;1.0969078008498947;0.0021391049999976985;;;
mid_small;P-n55-k10.vrp;55;10;115;697.8097119224453;996.1572484273539;1.4275485585933876;0.0004178300000035051;782.8238085735686;1.1218299132250709;0.0008347790000016175;763.5496179290861;1.094208929574123;0.003519022000006089;;;
mid_small;P-n55-k15.vrp;55;15;70;991.4834084933393;1256.9850337884202;1.2677822170504476;0.00042673699999795645;1147.3349141024132;1.1571902305918627;0.0005098629999906734;1134.4045014082797;1.1441487489257371;0.0009468690000176139;;;
mid_small;P-n55-k7.vrp;55;7;170;570.2697069066196;848.4232279475023;1.4877578410217565;0.00041042600000196217;658.6407619975688;1.1549636146207214;0.0012543329999914477;629.0678411605414;1.1031058349090073;0.010614529000008588;;;
mid_small;P-n60-k10.vrp;60;10;120;748.9404104021116;1157.7357926791497;1.545831653091803;0.0004363150000017413;838.5346250154324;1.1196279615426505;0.0009655530000145518;825.995501658828;1.1028854768503475;0.0033751819999849886;;;
mid_small;P-n60-k15.vrp;60;15;80;971.581660632717;1311.759470455619;1.3501278622338035;0.0004377580000038961;1103.1150519844346;1.135380685619426;0.000641798000003746;1096.5088560588677;1.1285812613473942;0.0012767250000251806;;;
mid_small;P-n65-k10.vrp;65;10;130;796.6684835175466;1141.8858867363797;1.4333262961459046;0.00047907499998700587;892.974555913124;1.120886007653215;0.0010938430000067;862.660964984201;1.082835561883001;0.005815656000009994;;;
mid_small;P-n70-k10.vrp;70;10;135;830.0199899119715;1297.9497307199733;1.5637571943991717;0.0005646150000018224;944.4881932987857;1.1379101765958122;0.0013641080000184047;905.689867805676;1.0911663319117528;0.0071740380000164805;;;
mid_small;P-n76-k4.vrp;76;4;350;598.2184952221475;1054.244628083658;1.7623069773062867;0.0005324040000118657;685.558340934512;1.1459999087456014;0.009263484999991078;618.7414638629513;1.0343068106464723;0.22768482899999753;;;
mid_small;P-n76-k5.vrp;76;5;280;635.035240151242;1187.964037633138;1.870705690837266;0.0007501320000073974;746.4460531110865;1.1754403628581471;0.0056418820000203596;657.3012565326164;1.035062646879363;0.12191828199999577;;;
mid_small;tai75a.vrp;76;None;1445;None;2763.549343988252;None;0.0007224000000007891;2226.5217220427144;None;0.0022304860000019744;2186.079005606984;None;0.02733634499998061;;;
mid_small;tai75b.vrp;76;None;1679;None;2782.4098324581714;None;0.000638834000000088;1969.1834983863375;None;0.0026290739999978996;1938.116923658718;None;0.027645510000013473;;;
mid_small;tai75c.vrp;76;None;1122;None;2933.1913970630167;None;0.0006261009999946054;1810.4219941854353;None;0.002950852999987319;1757.9065482045598;None;0.03730070599999635;;;
mid_small;tai75d.vrp;76;None;1699;None;1789.6320833052741;None;0.0005900629999757712;1602.5901284426327;None;0.0018769579999968755;1569.7156795488847;None;0.014697028999989925;;;
mid;CMT10.vrp;200;None;200;1395.853467656216;2773.175068804432;1.9867236304258233;0.001465860000024577;1508.7429726214405;1.0808748966714807;0.00980976699997882;1418.194863773097;1.0160055454491184;0.11936455699998305;;;
mid;CMT11.vrp;121;None;200;1042.1150274399192;3343.234592266588;3.2081243473473804;0.0009626290000142035;1564.9213753650477;1.5016781585133314;0.011334682000011753;1529.4703576968136;1.4676598239391494;0.23161355400000616;;;
mid;CMT12.vrp;101;None;200;819.5575441874688;1247.1085588683377;1.5216851674579537;0.0007323989999861169;1094.073763416582;1.3349566130847785;0.003667675000002646;1041.5504501968494;1.2708692117885025;0.04468608199999835;;;
mid;CMT13.vrp;121;None;200;1541.1416027574185;3343.234592266588;2.1693234328921207;0.000880927000025622;1564.9213753650477;1.0154299725379434;0.011208377000002656;1529.4703576968136;0.9924268833962288;0.22884778400000982;;;
mid;CMT14.vrp;101;None;200;866.3652093737874;1247.1085588683377;1.4394721133478494;0.0008692750000136584;1094.073763416582;1.262832061559101;0.003421013999997058;1041.5504501968494;1.202207151127048;0.045562781000000996;;;
mid;CMT3.vrp;101;None;200;826.1369729550208;1387.100616744927;1.6790201409136642;0.0007623250000108328;921.1532165871756;1.1150126997612635;0.006260799999978417;858.7818068435147;1.0395150380108593;0.08021313400001873;;;
mid;CMT4.vrp;151;None;200;1028.4242880993547;2252.4271415763624;2.1901730323183095;0.0011850249999838525;1210.832097350671;1.1773662984840882;0.00826424600001019;1129.911282639642;1.0986820281421463;0.11205472400001781;;;
mid;CMT5.vrp;200;None;200;1291.2891464211025;2773.175068804432;2.1476019344625326;0.0015942999999936092;1508.7429726214405;1.1684005683800769;0.01021145400000023;1418.194863773097;1.098278311796953;0.12324985899999774;;;
mid;CMT8.vrp;101;None;200;865.9445056375685;1387.100616744927;1.6018354614117534;0.0008852349999983744;921.1532165871756;1.0637554838562764;0.005937997999978961;858.7818068435147;0.9917284551753347;0.08065856600001098;;;
mid;CMT9.vrp;151;None;200;1162.5470444474113;2252.4271415763624;1.937493327547015;0.0010786459999962972;1210.832097350671;1.0415338485731653;0.008313727999990306;1129.911282639642;0.9719273624550119;0.1124834729999975;;;
mid;E-n101-k14.vrp;101;14;112;1082.650162207119;1691.9154816842315;1.5627536398600341;0.0009440740000172809;1275.4454322421425;1.1780771635797718;0.0020363890000112406;1236.0687119875515;1.1417064857475931;0.012335925000002135;;;
mid;E-n101-k8.vrp;101;8;200;826.9079628529653;1387.100616744927;1.6774546612892771;0.0008992009999815309;921.1532165871756;1.1139730876566347;0.0059513129999970715;858.7818068435147;1.0385458181834162;0.08087077099997941;;;
mid;F-n135-k7.vrp;135;7;2210;1170.6531100619734;2416.6224042778663;2.0643368932321313;0.0012205809999841222;1529.504929369997;1.3065398419255267;0.018679120000001603;1477.42885494849;1.2620552085410477;0.5790843909999808;;;
mid;Golden_1.vrp;241;None;550;5623.468314507381;14495.071469485369;2.5776034750815775;0.0018679410000004282;6084.77235582124;1.0820319446139297;0.05649440999999911;5723.854886262113;1.0178513625649415;2.478842242000013;;;
mid;Golden_17.vrp;241;None;200;707.7560011421995;1245.4003350624955;1.7596464502634075;0.0019705730000225685;803.0148529758733;1.1345927857622429;0.011415284999998221;757.6160637825609;1.0704480958973088;0.1490269450000028;;;
mid;Golden_5.vrp;201;None;900;6460.97951921498;15988.036113225498;2.4745529784883256;0.001612633999997115;7621.795870955887;1.179665691291643;0.11818472400000246;7115.002335388399;1.101226573188841;11.235230433999988;;;
mid;M-n101-k10.vrp;101;10;200;819.8108473050876;1247.1085588683377;1.5212150009576952;0.0009959669999943799;1094.073763416582;1.3345441415090586;0.003410901999984617;1041.5504501968494;1.2704765417787194;0.04417779400000654;;;
mid;M-n121-k7.vrp;121;7;200;1045.160491205303;3343.234592266588;3.198776284024182;0.0009169499999757136;1564.9213753650477;1.497302460754467;0.011154196000006777;1529.4703576968136;1.463383251248804;0.23069448799998327;;;
mid;M-n151-k12.vrp;151;12;200;1030.7562527704383;2264.58233596809;2.1970105249242073;0.001245170999993661;1207.1555056872453;1.1711357582771735;0.008383780000002616;1122.0697254289066;1.0885888127411678;0.13158003800000984;;;
mid;M-n200-k16.vrp;200;None;200;1294.6662430341767;2788.087356499641;2.1535182302780105;0.0015923290000046109;1516.288071552921;1.1711806650641883;0.009975037000003795;1418.194863773097;1.0954134869921526;0.11481585699999641;;;
mid;M-n200-k17.vrp;200;17;200;1294.8940205956042;2788.087356499641;2.153139416936393;0.00174589700000638;1516.288071552921;1.1709746492268793;0.009969136000023582;1418.194863773097;1.0952207989351739;0.11497799900001837;;;
mid;P-n101-k4.vrp;101;4;400;692.2768742727131;1216.2146963882997;1.7568327667539394;0.0008867040000097859;788.1522830168792;1.1384928665209135;0.017115557000010995;713.2712246030273;1.0303265226826626;1.1429742529999771;;;
mid;tai100a.vrp;101;None;1409;None;3855.1028483957616;None;0.0009624350000194681;2752.903911816082;None;0.003151317000003928;2739.2284374779415;None;0.024356732999990527;;;
mid;tai100b.vrp;101;None;1842;None;3202.8096360665577;None;0.0008248079999759739;2346.8468997608297;None;0.004503537000005053;2280.4207680613176;None;0.11023697900000684;;;
mid;tai100c.vrp;101;None;2043;None;3107.139836348741;None;0.0008425009999939448;2152.821635928595;None;0.002887203000000227;2113.282229138957;None;0.03830576600000768;;;
mid;tai100d.vrp;101;None;1297;None;3693.6669761703233;None;0.0008160619999841856;1931.9286985108238;None;0.005918495999992501;1876.1655004001361;None;0.08258489900001109;;;
mid;tai150a.vrp;151;None;1544;None;5544.295791171098;None;0.0012332400000047983;3888.570923467397;None;0.0058650560000046426;3859.9272072779772;None;0.06562853200000518;;;
mid;tai150b.vrp;151;None;1918;None;5933.259595897975;None;0.001286479000015106;3555.4210981924098;None;0.007509932999994362;3469.518797387914;None;0.1150772439999912;;;
mid;tai150c.vrp;151;None;2021;None;5012.6388684806625;None;0.0012980909999953383;3333.0757121187244;None;0.006269509999981437;3260.525957472513;None;0.07664645599999176;;;
mid;tai150d.vrp;151;None;1874;None;4997.698501309615;None;0.0012587580000058551;3492.8768501466543;None;0.015636837000016612;3412.045821083761;None;0.3982256670000197;;;
mid;X-n101-k25.vrp;101;None;206;27598.4007834456;37820.66581456943;1.370393382983824;0.0009422390000111136;35068.893079730304;1.2706856949756937;0.0009350629999858029;35007.76135971941;1.2684706492384217;0.0020017829999972037;;;
mid;X-n106-k14.vrp;106;None;600;26362.240374476234;41408.29230905716;1.5707425363266325;0.0008538020000230517;30872.656796418985;1.1710938204747465;0.0022576270000058685;30752.111347497612;1.1665211647668468;0.014337264999994659;;;
mid;X-n110-k13.vrp;110;None;66;14979.427094468716;24575.828819177466;1.6406387683713421;0.0008316200000137997;16858.09074118429;1.125416254898646;0.0030540349999910177;16132.169175063995;1.0769550179272838;0.019777366999989;;;
mid;X-n115-k10.vrp;115;None;169;12751.640005756142;27493.9928338913;2.1561142583605246;0.0009448419999955604;16680.042915920327;1.3080704057196477;0.005671776000014006;15948.038992180676;1.2506657171141646;0.09465079699998569;;;
mid;X-n120-k6.vrp;120;None;21;13329.4178091839;46254.83954342709;3.470132019686392;0.0009960969999838198;14877.138536562183;1.1161131528424229;0.014053483999987293;14461.114746913092;1.084902203076676;0.26987965099999656;;;
mid;X-n125-k30.vrp;125;None;188;55546.20080627722;73654.54398098048;1.3260050716674192;0.0009172009999929287;71225.18403809438;1.2822692282141694;0.0016193190000137747;71133.112775241;1.2806116663734508;0.006699292000007517;;;
mid;X-n129-k18.vrp;129;None;39;28946.534546376366;55283.76930421363;1.9098579560755833;0.001069263000005094;37822.95193493875;1.3066487069234878;0.002572575000016286;37671.07956487787;1.3014020557287636;0.01677490200000875;;;
mid;X-n134-k13.vrp;134;None;643;10919.846711469087;24651.719147112417;2.2575151280485266;0.0010975060000077974;14743.857523313702;1.3501890560266077;0.005414685000005193;14579.838197608882;1.3351687604090372;0.1384539219999965;;;
mid;X-n139-k10.vrp;139;None;106;13595.955750386658;27606.46339476167;2.030490824006732;0.0011024389999931827;15873.897352363569;1.1675455292587378;0.009239917999991576;14838.680524072934;1.091404002521186;0.14734504400001924;;;
mid;X-n143-k7.vrp;143;None;1190;15697.056595993054;51076.71770407302;3.2539041565990936;0.0011707970000145451;18745.86231484026;1.1942278605038263;0.018692774000015788;17762.518120866116;1.1315827277707788;0.6117035949999945;;;
mid;X-n148-k46.vrp;148;None;18;43452.94926360666;64096.26442644726;1.4750728204340802;0.0013455130000181725;57341.7321845254;1.3196280840838364;0.001444638999998915;57254.157769713034;1.317612699252738;0.003038145000004988;;;
mid;X-n153-k22.vrp;153;None;144;21226.867128671347;36059.87586585358;1.6987846415238137;0.0013116499999910047;28176.323780272658;1.3273896524379054;0.003734895999997434;28121.160988004627;1.3247909273441998;0.043368673000003355;;;
mid;X-n157-k13.vrp;157;None;12;16886.34634255687;26424.828200593147;1.5648635687399974;0.001113739999993868;18333.70821365626;1.0857119617078892;0.007239230999999791;17718.386836539874;1.049272973389519;0.08404321300000106;;;
mid;X-n162-k11.vrp;162;None;1174;14138.581489418759;29676.303751738636;2.09895906275663;0.0012956200000076024;16483.8416918045;1.1658766266008314;0.012046510000004673;15058.952181759187;1.0650963954926616;0.1863582850000114;;;
mid;X-n167-k10.vrp;167;None;133;20558.33328675831;63081.35896281501;3.0684082256534833;0.0012600329999941096;24265.568204719224;1.1803276007957686;0.01521660099999167;23571.873269914566;1.1465848393992761;0.2613034429999743;;;
mid;X-n172-k51.vrp;172;None;161;45612.13671476604;69385.16123283758;1.521199536578068;0.001457835000024943;61100.17284252041;1.339559539264917;0.002205830000008291;60887.862989450296;1.3349048603052844;0.01000010799998563;;;
mid;X-n176-k26.vrp;176;None;142;47815.81734293499;95140.22903426594;1.989722947783582;0.001424721000006457;69799.56426169063;1.459758886083411;0.0035708370000122613;69661.96484027541;1.45688118934912;0.0258315969999785;;;
mid;X-n181-k23.vrp;181;None;8;25575.6800061908;40559.811800291594;1.585874228582535;0.0015825149999955102;28720.02874804822;1.1229429184716224;0.003925202999994326;28450.840137834617;1.112417739467645;0.027675461000001178;;;
mid;X-n186-k15.vrp;186;None;974;24154.291268175097;58543.511585563756;2.4237312921161456;0.0013580570000044645;28652.55925109412;1.1862305928572532;0.008469146999999566;27968.490401411338;1.1579097929593034;0.11247863700000948;;;
mid;X-n190-k8.vrp;190;None;138;16985.85965815717;53539.57275275713;3.1520084252577503;0.0017360610000025645;19460.136469971938;1.1456668582933063;0.03538986000000932;18817.31262719618;1.1078222124695047;0.936551627;;;
mid;X-n195-k51.vrp;195;None;181;44229.3103670945;66134.36214899497;1.495260984177526;0.0017125379999924917;59432.56325347204;1.3437370549120835;0.001969438000003265;59367.44921936571;1.3422648629749745;0.004170749999985901;;;
mid;X-n200-k36.vrp;200;None;402;58581.48464689695;80237.17220521842;1.3696677830692119;0.001821288999991566;68365.87825877547;1.1670219467952114;0.003113095000003341;68181.31429725404;1.1638713956844997;0.015696377000011807;;;
mid;X-n204-k19.vrp;204;None;836;19568.426556886145;42485.12116105846;2.1711056347608033;0.00155519500000878;23702.53493392499;1.2112642201978192;0.00825810700001739;22789.549775479147;1.1646081870317513;0.08724123499999337;;;
mid;X-n209-k16.vrp;209;None;101;30660.39401012465;84697.56547624036;2.7624421737134752;0.0017897129999937533;36669.055425495855;1.1959746966522031;0.01112150399998768;36219.54177326123;1.1813136439571144;0.15023406100002035;;;
mid;X-n214-k11.vrp;214;None;944;10868.369072249128;33548.92452936743;3.08684074918195;0.0018469299999992472;13501.379228319502;1.242263594341252;0.023255238000018608;13092.618441259001;1.2046534631115156;0.5707733529999928;;;
mid;X-n219-k73.vrp;219;None;3;117601.29001838483;158122.46966402145;1.3445640744187575;0.001967084000000341;145726.01662536996;1.2391532150930347;0.0020118879999984074;145726.01662536996;1.2391532150930347;0.003021152000002303;;;
mid;X-n223-k34.vrp;223;None;37;40437.947509756355;64182.28110572043;1.5871794949591678;0.0017665889999989304;50031.344216559264;1.2372374785957754;0.0038407829999869136;49929.159433429566;1.2347105258342623;0.019658496999994668;;;
mid;X-n228-k23.vrp;228;None;154;25746.626508506168;51368.108999099204;1.9951394013552888;0.0018903500000249096;33571.969300943696;1.3039366260217506;0.01043339700001411;33180.83476166559;1.2887449449233013;0.14879356199998028;;;
mid;X-n233-k16.vrp;233;None;631;19239.224070740955;42957.65082199238;2.23281618136162;0.0022397729999852345;22450.043963211945;1.166889261264648;0.0321170489999929;21414.525941727916;1.1130659876400715;0.7577255690000015;;;
mid;X-n237-k14.vrp;237;None;18;27050.769538670516;89337.97247769903;3.3026037336936254;0.0022160629999916637;33044.389747024434;1.2215693050722907;0.022926259000001892;32140.667514520137;1.1881609308220729;0.5097905270000069;;;
mid;X-n242-k48.vrp;242;None;28;82757.21927576141;135668.72988767657;1.6393582466274614;0.002299037000000226;113468.7664957589;1.3711041464269274;0.003109367999996948;113440.11265568319;1.3707579066628743;0.010252178000001777;;;
mid;X-n247-k50.vrp;247;None;134;37282.91645455028;61692.623336893026;1.654715596407255;0.0020538290000047255;53076.76118128316;1.4236214928621895;0.0053905020000115655;52942.16168572928;1.4200112738033357;0.043279075000015155;;;
mid_large;Golden_10.vrp;324;None;1000;735.4274460162404;2406.484963433962;3.2722262086759537;0.0029967390000251726;928.678926181576;1.2627743650473822;0.04764347299999372;902.5904705055611;1.2273004976831245;1.3154450660000236;;;
mid_large;Golden_11.vrp;400;None;1000;911.9802546729934;3348.194892766151;3.6713458165458914;0.004305890000011914;1156.4957240682345;1.268114872161258;0.07954347599999778;1133.4441732722146;1.2428385016719807;2.1655679469999995;;;
mid_large;Golden_12.vrp;484;None;1000;1100.6653917149429;4145.72236839475;3.7665601186345246;0.006094692000004898;1333.359775214427;1.2114124649062725;0.1062577440000041;1307.342274982048;1.1877744906152472;3.287544990000015;;;
mid_large;Golden_13.vrp;253;None;1000;857.1887449794051;1756.4535656979187;2.0490861271634166;0.0029500279999865597;1044.4837566536323;1.218499149424468;0.007984058999994659;1012.3069446972991;1.1809615450814404;0.06897726400001147;;;
mid_large;Golden_14.vrp;321;None;1000;1080.5525732535093;2306.9509677806636;2.134973369074036;0.004846318999994992;1299.3580363473532;1.2024940465738077;0.012563078999988875;1270.2020387354057;1.1755115578605009;0.13743350699999723;;;
mid_large;Golden_15.vrp;397;None;1000;1337.2677786614804;3141.3818560159443;2.3491045743734786;0.004411526999973603;1694.1566249478828;1.2668791187383768;0.0194599280000034;1634.0642962982324;1.221942472833546;0.22470666999998912;;;
mid_large;Golden_16.vrp;481;None;1000;1611.2770526552179;4048.2193746651596;2.5124291120475606;0.006149643000014748;2029.7802375728616;1.2597338454165867;0.02951674799999182;1967.294689133125;1.2209537061867957;0.3922786960000053;;;
mid_large;Golden_18.vrp;301;None;200;995.1332487054715;2017.986090194632;2.027855156904614;0.003532204999999067;1227.5978740241078;1.2336015057491447;0.014876610000015944;1175.8827971379446;1.1816335135697686;0.22931050200000413;;;
mid_large;Golden_19.vrp;361;None;200;1365.6035342978782;3010.295964674058;2.2043703674374235;0.0036715239999978166;1713.2985262144987;1.2546090305012185;0.019311082000001534;1652.0970482834311;1.2097925985032345;0.27383759400001395;;;
mid_large;Golden_2.vrp;321;None;700;8404.611623286655;22962.787312970882;2.7321651900425588;0.0029395790000137367;9098.030787707305;1.082504605269254;0.13674035300002174;8695.24192864454;1.0345798614361472;8.608388610999981;;;
mid_large;Golden_20.vrp;421;None;200;None;4295.889723770661;None;0.0049711210000111805;2366.7203475425335;None;0.024761793000010357;2318.178670751868;None;0.350449717999993;;;
mid_large;Golden_3.vrp;401;None;900;10997.760007936988;32853.9517014639;2.9873312090601623;0.004237061000026188;12221.615834218712;1.111282281609935;0.26637098099999434;11179.382518303333;1.016514500246893;37.46470319400001;;;
mid_large;Golden_4.vrp;481;None;1000;13588.647622235947;42573.81613970028;3.1330429137064457;0.00615846600001646;15004.482503129195;1.1041924789172124;0.4419838630000186;14163.16259012076;1.0422790393758317;49.19897594700004;;;
mid_large;Golden_6.vrp;281;None;900;8400.332070493927;24476.224679513965;2.9137210855611806;0.0033210219999659785;10006.576172867168;1.1912119769663816;0.17976641699999618;8844.624766526864;1.052889896768904;22.222771208999973;;;
mid_large;Golden_7.vrp;361;None;900;10102.681504546768;35243.18959308428;3.488498531525802;0.004001844000015353;11815.289516106615;1.1695201428243658;0.25871040699996684;10984.248079909967;1.0872606520324772;26.19526423299999;;;
mid_large;Golden_8.vrp;441;None;900;11635.343785727806;39389.59606556177;3.3853401146494697;0.00509077399999569;13033.832559796305;1.1201931631606725;0.30105523200001016;12021.215932167348;1.0331637941727911;46.96510253599996;;;
mid_large;Golden_9.vrp;256;None;1000;579.702137615176;1716.8267050463287;2.961566973185824;0.002657383000041591;730.4723077749969;1.2600821359397967;0.03035465799996473;703.2568919362893;1.2131348951539191;0.6601570130000027;;;
mid_large;tai385.vrp;386;None;65;None;58320.50296563044;None;0.004444841000008637;36445.74685196809;None;0.022273516999973708;36159.27862984487;None;0.36843769700004714;;;
mid_large;X-n251-k28.vrp;251;None;69;38690.425121260014;67685.84432660844;1.7494210548080982;0.002227009000023372;46175.85738692344;1.1934698893124918;0.007413634999977603;45908.33627905272;1.1865554884747578;0.055455893999976524;;;
mid_large;X-n256-k16.vrp;256;None;1225;18847.64536111926;36061.694687546245;1.913326253577425;0.0022128730000190444;21538.490113478798;1.1427682185654062;0.019009079999989353;20557.56545070825;1.0907232737473074;0.32414235599998165;;;
mid_large;X-n261-k13.vrp;261;None;1081;26564.880001915062;100527.18356926514;3.784213727373063;0.0024331519999805096;31697.13265831839;1.1931969071960176;0.03277809299999035;30739.74272667072;1.1571572212806793;0.8923727260000192;;;
mid_large;X-n266-k58.vrp;266;None;35;75489.08620023358;128562.50505840211;1.7030608201746162;0.002417523999952209;109297.84807222252;1.4478629107035652;0.003222317999984625;109284.04785250848;1.4476800999105264;0.0076246589999868775;;;
mid_large;X-n270-k35.vrp;270;None;585;35290.73392868522;60117.43768023076;1.7034907180370582;0.0025670750000017506;41638.47354339368;1.1798698669043222;0.005827133000025242;41177.520586752464;1.166808280892178;0.031637763999981416;;;
mid_large;X-n275-k28.vrp;275;None;10;21250.145366637433;41122.508387744114;1.9351636272712816;0.00260802100001456;24871.05259318812;1.1703944685590473;0.010328699000012875;24485.06232113352;1.1522303447191886;0.09289106200003516;;;
mid_large;X-n280-k17.vrp;280;None;192;33503.46202277754;115193.96419835147;3.4382704724674764;0.0026783740000269063;45787.692181311286;1.3666555459308127;0.03589132700000164;45428.49896204213;1.355934468239649;0.7498265080000124;;;
mid_large;X-n284-k15.vrp;284;None;109;20236.988928206607;56232.96479950563;2.778721923454102;0.002648096000029909;24021.497233134407;1.1870094567108695;0.038218944000050215;23493.37290220916;1.160912474951437;0.7660565700000461;;;
mid_large;X-n289-k60.vrp;289;None;267;95160.55111655206;166803.49347779524;1.7528638865646684;0.00299154700002191;140046.61715223728;1.471687747801177;0.004294810000033067;140009.7090383019;1.4712998968114304;0.01495153199999777;;;
mid_large;X-n294-k50.vrp;294;None;285;47172.6649088552;78983.17007873792;1.6743419145673768;0.0029809470000259353;59287.99846700657;1.2568295342559095;0.005133906999958526;58904.78685608271;1.2487059395498594;0.024548534000018662;;;
mid_large;X-n298-k31.vrp;298;None;55;34246.82220867055;75148.57864333843;2.1943226786254186;0.0030145299999730923;42541.01548222682;1.242188697772267;0.010194318000003477;41916.959543823104;1.2239663957262183;0.09886961900002689;;;
mid_large;X-n303-k21.vrp;303;None;794;21752.126168499934;49095.83165314538;2.2570589777215844;0.002926655999999639;25447.542957877627;1.1698876128591589;0.023602257999982612;24621.810886346546;1.1319266307862037;0.33990555299999414;;;
mid_large;X-n308-k13.vrp;308;None;246;25876.44143591163;109218.51936952655;4.220770450219318;0.003048693000039293;32494.175466150624;1.255743590038421;0.07549474799998279;31454.08339688875;1.2155490342360755;6.364384514000051;;;
mid_large;X-n313-k71.vrp;313;None;248;94050.10805997287;135814.02842376503;1.4440603123726405;0.003156313999966187;117682.0913946932;1.2512701348482336;0.0052100810000297315;117607.17617988329;1.250473589088157;0.025177310999993097;;;
mid_large;X-n317-k53.vrp;317;None;6;78377.10731781296;132206.2977150978;1.686797360088983;0.00315504200000305;96071.91303376915;1.225764975533036;0.005822002999991582;96012.04688765077;1.225001153695677;0.024209443000017927;;;
mid_large;X-n322-k28.vrp;322;None;868;29845.918271150993;66597.35230850043;2.23137219982517;0.0032233400000336587;34970.11725706675;1.1716884345578604;0.015223191000018232;33985.41499178087;1.1386955724740124;0.16253047899999729;;;
mid_large;X-n327-k20.vrp;327;None;128;27542.437966140435;92037.20895858474;3.341650767144564;0.003264807999983077;34521.52959784906;1.2533941127611303;0.029879354000001968;33652.594075897374;1.2218451437475695;0.46053159799998866;;;
mid_large;X-n331-k15.vrp;331;None;23;31121.750855683116;112025.64153884845;3.59959316101239;0.0033141399999863097;36304.85845192952;1.1665429307072523;0.05704983600003288;35240.242744104544;1.1323348389851067;1.5026440220000268;;;
mid_large;X-n336-k84.vrp;336;None;203;139117.0985790461;222203.71382550668;1.5972422951248577;0.0038578450000272824;202865.24195806644;1.458233704053271;0.005040123000014773;202840.05513183444;1.458052656385592;0.015624359000014465;;;
mid_large;X-n344-k43.vrp;344;None;61;42065.38035936931;75978.89798231843;1.8062096986458247;0.003595535000044947;50709.95456918289;1.205503293586365;0.008940176999999494;50187.54688839047;1.1930843477375592;0.053634172999977636;;;
mid_large;X-n351-k40.vrp;351;None;436;25905.70297881667;55037.95942790126;2.1245499291374683;0.0038402420000238635;34050.80871118275;1.3144136153736652;0.011665246000006846;33777.4896090512;1.3038630774340059;0.09815181300001541;;;
mid_large;X-n359-k29.vrp;359;None;68;51511.60553388114;131963.15554883168;2.5618140646389773;0.0037591099999758626;66005.23081210212;1.2813662111286352;0.01948990600004663;65732.67730830936;1.276075102436372;0.24751912100003892;;;
mid_large;X-n367-k17.vrp;367;None;218;22836.07733743848;64264.15894341571;2.8141505212919466;0.003972178000026361;28994.558144528884;1.269682078760257;0.06478340000001026;28076.0474232341;1.2294601655252315;2.5848026950000076;;;
mid_large;X-n376-k94.vrp;376;None;4;147733.07228503397;225893.45924954634;1.5290649260560352;0.0043605830000501555;191037.11728898398;1.2931235662682208;0.00513443800002733;191033.01318021014;1.2930957856994534;0.010961801999997078;;;
mid_large;X-n384-k52.vrp;384;None;564;65946.66629170375;128759.33982658248;1.952476858451611;0.004270001999998385;86438.15131637697;1.3107281410410143;0.009385989000008976;86294.7242743457;1.3085532465376766;0.045144252999989476;;;
mid_large;X-n393-k38.vrp;393;None;78;38271.134773791055;82184.28641866393;2.147422251898985;0.004627332999973532;46501.37633098913;1.2150508890275793;0.01547620899998492;45952.3363076952;1.2007048283074273;0.13716198600002372;;;
mid_large;X-n401-k29.vrp;401;None;745;66172.17496367855;134615.5136689604;2.0343220355511953;0.00462765100002116;76416.9235216417;1.154819583360928;0.05006520299997419;75749.69856916089;1.1447364184529127;1.7944394659999716;;;
mid_large;X-n411-k19.vrp;411;None;216;19730.689427603767;63843.69187356614;3.235755755409494;0.0048523020000175165;26404.457494925326;1.3382430244928378;0.09846935900003473;25530.324822226547;1.2939398248552294;3.191583276000017;;;
mid_large;X-n420-k130.vrp;420;None;18;107812.51082907204;147427.0543448154;1.367439207297092;0.005094284999984211;140467.08525603937;1.3028829787550213;0.005664710000019113;140417.89741114853;1.3024267437178016;0.011359868999988976;;;
mid_large;X-n429-k61.vrp;429;None;536;65463.639441893916;122246.34743060288;1.8673930822179505;0.00521277600000758;82459.82457458234;1.2596278678910662;0.010474202000011701;82222.98593458811;1.2560100024315015;0.04698112400001264;;;
mid_large;X-n439-k37.vrp;439;None;12;36410.2802975995;78499.06075739698;2.1559587049532367;0.005707960999984607;42118.06908116342;1.156763110223577;0.02463575199999468;41238.279516776674;1.132599891561271;0.2519431480000094;;;
mid_large;X-n449-k29.vrp;449;None;777;55248.574990554975;163519.85815946662;2.959711778763908;0.005765768999992815;70195.5544483356;1.2705405426354597;0.03862834700004214;69631.84794827939;1.2603374468967445;0.5548303129999681;;;
mid_large;X-n459-k26.vrp;459;None;1106;24164.500868571657;65252.20635799645;2.7003332993673976;0.005851949000032164;29461.890047433175;1.2192219573527918;0.09258280500000637;28754.956300385107;1.1899669046251147;7.066990256999986;;;
mid_large;X-n469-k138.vrp;469;None;256;221832.93170817007;330634.0531365138;1.490464245279307;0.006056321000016851;307046.9111362171;1.3841358393989462;0.006479381000019657;307032.8029249027;1.384072241035954;0.011621364999996331;;;
mid_large;X-n480-k70.vrp;480;None;52;89474.70661308226;155452.81998005917;1.7373940174208977;0.00645909299998948;112717.28982541332;1.2597670793472344;0.01167014600002858;112524.40917619702;1.2576113790770969;0.05116061999996191;;;
mid_large;X-n491-k59.vrp;491;None;428;66495.82315486456;138270.46154284853;2.0793856663872763;0.006663064999997914;87450.47370696845;1.315127320152152;0.014793990000043777;87237.6429833783;1.311926657110588;0.09504816700001584;;;
large;Li_21.vrp;561;None;1200;16212.825563177095;54208.44425174579;3.3435531666278533;0.01114921699999627;21078.073175429956;1.3000863478913207;0.5004579700000136;18413.782376707502;1.1357540550198273;116.72855064699999;18413.782376707502;1.1357540550198273;119.19247546399998
large;Li_22.vrp;601;None;900;14499.044646698783;53612.347255026616;3.697646883736809;0.008970027000032132;15916.872844433225;1.0977876978989274;0.28679885700000796;15197.428458249633;1.0481675743863483;31.613150650000023;15197.428458249633;1.0481675743863483;31.90364925700004
large;Li_23.vrp;641;None;1400;18801.128566260857;78331.82326208282;4.166336238062402;0.009911153000018658;23403.149001534177;1.2447736272348977;0.7740566180000314;21454.436086576337;1.1411249069950469;157.68198471700003;21454.436086576337;1.1411249069950469;157.78172060000003
large;Li_24.vrp;721;None;1500;21389.430579026408;98011.35794274499;4.582233153922801;0.012111044999983278;29211.098557721794;1.3656791119238578;1.055877238999983;24486.013066425163;1.144771618672034;288.161955355;24486.013066425163;1.144771618672034;287.222442564
large;Li_25.vrp;761;None;900;16665.74877986879;72288.29121465921;4.337536354920882;0.013596644000017477;18479.589972226277;1.1088364655147385;0.41070653799999945;18058.24264701256;1.0835542336283035;45.0239249120001;18058.24264701256;1.0835542336283035;44.67161768300002
large;Li_26.vrp;801;None;1700;23977.732637558882;117270.5597948608;4.890811052383135;0.014559808000058183;33142.99376501428;1.3822405256574959;1.4167618129999937;27708.612512854488;1.155597692729776;733.661695675;33142.99376501428;1.3822405256574959;300.15666557099996
large;Li_27.vrp;841;None;900;17319.981961476158;76598.58395617093;4.422555642756716;0.016115485000000263;18771.836835874314;1.0838254264714267;0.41086658099993656;17180.782305538996;0.991963059993551;54.47123385100008;17180.782305538996;0.991963059993551;54.221893864999856
large;Li_28.vrp;881;None;1800;26566.03412258745;140967.0624788325;5.306289295133327;0.017438636999941082;32715.724794107202;1.2314869672734121;1.8035015660000226;29525.013240151922;1.1113820415915463;460.54552188599996;32715.724794107202;1.2314869672734121;300.18009421400006
large;Li_29.vrp;961;None;2000;29154.336084928324;164851.3161245142;5.654435609313567;0.022086245000082272;38615.92183349436;1.3245344267488675;2.393194362000031;33241.45911897554;1.1401891993747064;1016.0132146369997;38615.92183349436;1.3245344267488675;300.2129222560002
large;Li_30.vrp;1041;None;2100;31742.638701073323;195091.75242295963;6.146047096467847;0.02424613000039244;40347.711780313184;1.2710887762128262;3.0205337439997493;35314.95256074862;1.1125399149489896;1045.7671336600001;40347.711780313184;1.2710887762128262;300.2504453180002
large;Li_31.vrp;1121;None;2300;34330.940210281784;222931.363431516;6.493599128542078;0.027501861999553512;44694.176975567185;1.3018628881647032;3.573615673999484;38385.663877825675;1.1181069799635006;2172.225003886;44694.176975567185;1.3018628881647032;300.29591476899986
large;Li_32.vrp;1201;None;2500;37159.41317307494;244651.2970653664;6.583831018156025;0.030946301999392745;48858.84556889457;1.314844379843351;4.985760005999509;43252.50212018454;1.163971613833895;2192.205961275;48858.84556889457;1.314844379843351;300.33034383099994
large;X-n1001-k43.vrp;1001;None;131;72404.78563198904;313525.382062435;4.330174854131697;0.02305122600046161;90923.30896065202;1.255763803000355;0.1524572390007961;88634.66387191188;1.2241547723435608;4.330305630999646;88634.66387191188;1.2241547723435608;4.291704234999997
large;X-n502-k39.vrp;502;None;13;69254.03636320303;105845.85986030192;1.5283709862800334;0.007858230999772786;73038.90272278318;1.0546519243980295;0.027712821000022814;72046.48251225213;1.040321781887255;0.3333075809987349;72046.48251225213;1.040321781887255;0.33244915099976424
large;X-n513-k21.vrp;513;None;142;24224.86420176902;86623.86627550737;3.5758246384382897;0.00704306199986604;27878.264920324167;1.150812020580423;0.07909236699924804;27624.06921184091;1.1403188468575052;2.809915235000517;27624.06921184091;1.1403188468575052;2.809142705999875
large;X-n524-k153.vrp;524;None;125;154639.25890297085;240515.31102227414;1.5553315033227535;0.007237689000248793;206538.6591819349;1.3356159402673327;0.014278882999860798;206538.6591819349;1.3356159402673327;0.030700301998876967;206538.6591819349;1.3356159402673327;0.03055850200007626
large;X-n536-k96.vrp;536;None;371;94872.74640638653;140774.74634582584;1.4838270386188517;0.007461528000931139;120954.63549883998;1.2749144520464488;0.01690365899958124;120227.17828511295;1.2672467366984501;0.06492633200105047;120227.17828511295;1.2672467366984501;0.06720691800001077
large;X-n548-k50.vrp;548;None;11;86722.27757710981;226874.52286914727;2.616104295316967;0.007899324000391061;109703.07992235635;1.264993067378944;0.02725374399960856;108274.15448018898;1.2485160388449916;0.24594098599845893;108274.15448018898;1.2485160388449916;0.24288758400007282
large;X-n561-k42.vrp;561;None;74;42739.652695945704;105120.58696089518;2.459556414946417;0.008003177999853506;49823.09724376004;1.1657347241028535;0.03370501700010209;49216.25287570738;1.151536097540073;0.4401483190013096;49216.25287570738;1.151536097540073;0.44036142400000244
large;X-n573-k30.vrp;573;None;210;50717.884979878174;114470.7349760395;2.257009238880025;0.00867273599942564;68378.34762521395;1.3482097617505617;0.055790821001210134;66462.1880778996;1.310429015410793;1.2740245660006622;66462.1880778996;1.310429015410793;1.2721794059998501
large;X-n586-k159.vrp;586;None;28;190355.10222372148;289789.9438372207;1.5223649928575855;0.011412644000301952;261199.2874906618;1.3721685651676319;0.018823178999809898;259678.1728688022;1.3641776334611004;0.027184774000488687;259678.1728688022;1.3641776334611004;0.0273629489997802
large;X-n599-k92.vrp;599;None;487;108482.05871611243;205920.36408479436;1.8981974210470047;0.009200770999086672;146538.38629138013;1.3508075715529848;0.020117553000090993;142092.1177624288;1.3098213607309095;0.06060975999935181;142092.1177624288;1.3098213607309095;0.06043864800039955
large;X-n613-k62.vrp;613;None;523;59548.304940199545;129305.14070146265;2.1714327692671573;0.009593393999239197;71577.98841271864;1.2020155482947787;0.028805666999687674;71577.98841271864;1.2020155482947787;0.2062655839999934;71577.98841271864;1.2020155482947787;0.20654024199984633
large;X-n627-k43.vrp;627;None;110;62199.04938685801;188580.20065097502;3.0318823600995417;0.009808975000851206;87413.66745679203;1.405385907316802;0.0465574599984393;87413.66745679203;1.405385907316802;0.6079781119988183;87413.66745679203;1.405385907316802;0.5981378000001314
large;X-n641-k35.vrp;641;None;1381;63697.83808523143;214744.11180103055;3.3712935675099427;0.010201019000305678;78787.29838715817;1.2368912471053752;0.05940761399870098;78787.29838715817;1.2368912471053752;1.3613947600006213;78787.29838715817;1.2368912471053752;1.359991557000285
large;X-n655-k131.vrp;655;None;5;106810.59956566418;150964.92905503773;1.4133890238321216;0.010676124000383425;124902.61101029314;1.1693840453868674;0.022021361999577493;124902.61101029314;1.1693840453868674;0.045829721000700374;124902.61101029314;1.1693840453868674;0.045464747000096395
large;X-n670-k130.vrp;670;None;129;146378.31843753328;270495.86697543843;1.8479230384851848;0.011134267000670661;220891.138789941;1.5090427403987836;0.022666619001029176;220272.88869879427;1.5048190951366571;0.057491292000122485;220272.88869879427;1.5048190951366571;0.058962102999885246
large;X-n685-k75.vrp;685;None;408;68237.21553731913;144535.29791795881;2.118130067000053;0.011697988999003428;88476.49034844161;1.2966017099577218;0.046134670001265476;85894.53234475983;1.2587637357181414;0.7285372289989027;85894.53234475983;1.2587637357181414;0.7269152580001901
large;X-n701-k44.vrp;701;None;87;81956.01995940873;238919.57959284767;2.9152169628439744;0.012095189998944988;106499.33884480031;1.2994693848914018;0.06535559899930377;106499.33884480031;1.2994693848914018;1.5585708979997435;106499.33884480031;1.2994693848914018;1.537339675000112
large;X-n716-k35.vrp;716;None;1007;43420.6564451652;128315.36433641434;2.9551686879368213;0.012481990999731352;53323.42234475356;1.228065780444713;0.10364947599919105;52769.29233031848;1.2153038818507829;3.3379857470008574;52769.29233031848;1.2153038818507829;3.0768315450000046
large;X-n733-k159.vrp;733;None;25;136218.39404680504;228524.27674030472;1.6776315587877442;0.013083533000099123;181318.77029331215;1.3310887385077415;0.02576793000116595;178359.544741425;1.309364612536396;0.04656121500011068;178359.544741425;1.309364612536396;0.04670125100028599
large;X-n749-k98.vrp;749;None;396;77303.49914276505;158153.24713182397;2.045874363846643;0.013763623999693664;104948.82301488344;1.3576206016374843;0.03348362100041413;102944.39091095621;1.3316912177654112;0.13336017400069977;102944.39091095621;1.3316912177654112;0.13491528999975344
large;X-n766-k71.vrp;766;None;166;114461.16180212778;305808.075452987;2.6717191284642556;0.01404237099995953;172734.43165083553;1.5091095436323316;0.05528552800024045;171283.72194344518;1.4964352907718004;0.8519576130001951;171283.72194344518;1.4964352907718004;0.8484462189999249
large;X-n783-k48.vrp;783;None;832;72408.31876571494;264272.6914936642;3.6497559396282564;0.014445202999922913;97892.00183974535;1.3519441344368963;0.07997554899884562;95537.14290714682;1.3194221953456442;2.2071992809997028;95537.14290714682;1.3194221953456442;2.196048109000003
large;X-n801-k40.vrp;801;None;20;73333.97393618312;296185.9341575892;4.03886382068067;0.015058486000270932;90494.25464789706;1.2340017837659691;0.09450263600047037;90013.30299696056;1.2274434094529252;2.2417801290011994;90013.30299696056;1.2274434094529252;2.2401185240000814
large;X-n819-k171.vrp;819;None;358;158148.89835677537;223737.0868308937;1.4147242829738524;0.016003840000848868;193550.44331377637;1.2238494565870262;0.03165792700019665;192500.26816181355;1.2172090363066794;0.05640376399969682;192500.26816181355;1.2172090363066794;0.05570418800016341
large;X-n837-k142.vrp;837;None;44;193784.91639895606;355167.814017762;1.8327939068619654;0.01636902099926374;263173.8864287721;1.3580720900225332;0.03470410900081333;260881.38381049997;1.346241950397257;0.07804209399910178;260881.38381049997;1.346241950397257;0.07785416300021097
large;X-n856-k95.vrp;856;None;9;89013.59855624012;164699.30007470574;1.8502712253639118;0.017241829000340658;104326.32529236219;1.1720268249400934;0.0459220250013459;104326.32529236219;1.1720268249400934;0.22105254499911098;104326.32529236219;1.1720268249400934;0.21744700700037356
large;X-n876-k59.vrp;876;None;764;99356.19354150473;254719.3592439975;2.5636988512205012;0.018087926999214687;124092.82003637735;1.2489691443799045;0.07368013599989354;122253.4421183497;1.2304561775233462;1.0015959349984769;122253.4421183497;1.2304561775233462;1.007193849000032
large;X-n895-k37.vrp;895;None;1816;53898.675359403234;229979.5673518697;4.266887188197792;0.018965724000736373;65703.29291948867;1.2190149847166138;0.14097251999919536;62714.45823887754;1.1635621436090877;4.2375065780015575;62714.45823887754;1.1635621436090877;4.197531481999704
large;X-n916-k207.vrp;916;None;33;329222.3593754837;526574.445998195;1.5994492202688695;0.01972432099864818;454996.1907177588;1.3820330781325454;0.03931247599939525;454730.26989247685;1.3812253540588026;0.06732496299991908;454730.26989247685;1.3812253540588026;0.06635220199996184
large;X-n936-k151.vrp;936;None;138;132768.74131236685;265545.14886609395;2.0000577413123337;0.02052841699878627;200847.52759354058;1.5127621577808275;0.04861717200037674;196948.55687373504;1.4833955261379743;0.18298144299842534;196948.55687373504;1.4833955261379743;0.18282742499968663
large;X-n957-k87.vrp;957;None;11;85517.72782106075;220344.53366836358;2.576594810019012;0.021275685001455713;112782.91127378585;1.318824928437942;0.06217734100027883;112782.91127378585;1.318824928437942;0.4211913689996436;112782.91127378585;1.318824928437942;0.41891842699988047
large;X-n979-k58.vrp;979;None;998;119032.52000804225;328983.9232274222;2.7638154951705203;0.022128683000119054;147142.28883483188;1.2361520097607817;0.14762160500140453;144774.34882228228;1.2162587905599311;3.382280871999683;144774.34882228228;1.2162587905599311;3.378254147000007
x_large;Antwerp1.vrp;6001;None;30;477628.58867993334;2004487.6835993796;4.1967497991260725;0.7455729209999902;694037.7481885182;1.4530908840835828;1.3016269050000062;None;None;0.7421277180000061;;;
x_large;Antwerp2.vrp;7001;None;100;291740.3669830918;3113166.5332643343;10.671017403103363;1.0194559889999937;398056.9087485534;1.3644217729102375;8.984927042999999;None;None;1.0179319100000157;;;
x_large;Brussels1.vrp;15001;None;50;503025.56714718713;4060229.1823648233;8.071615932747978;4.596421985000006;854959.7339997387;1.699634749876589;8.519483186999992;None;None;4.584064823999995;;;
x_large;Brussels2.vrp;16001;None;150;346871.2613819854;4905546.688271618;14.142269004146407;5.248760832000016;485559.1540522953;1.399825261158152;45.60189740999999;None;None;5.243370184999947;;;
x_large;Ghent1.vrp;10001;None;35;470415.2501502392;2516253.3497219575;5.349004627121096;2.056728888000009;749857.2857190422;1.5940326880974967;3.2955260820000376;None;None;2.046557186999962;;;
x_large;Ghent2.vrp;11001;None;170;258657.06067931346;3141084.1741555776;12.143817632142415;2.497288234999985;325760.679576508;1.2594308414429503;42.12802253900003;None;None;2.4855019130000073;;;
x_large;Leuven1.vrp;3001;None;25;193060.43539123647;753913.9202818803;3.9050669224591545;0.19318426799998178;290750.2985927503;1.5060066450360248;0.3835391480000112;None;None;0.1894882440000174;;;
x_large;Leuven2.vrp;4001;None;150;111654.87655132769;991839.4024367188;8.883081805932326;0.33210236500002566;140922.32391275864;1.2621242194287567;11.60522863899996;None;None;0.3309805740000229;;;
